{"0x5750d788d3a99639a3e45b49ee00347c4fb6b1cb": {"first found": 1736418121.437089}, "0x07a400143d5891a9defc5c88e0d257b98faa7dec": {"first found": 1736418121.437089}, "0x709fb1f138e31accb507937a00ceca7f7c0a8fbf": {"first found": 1736418121.437089}, "0x87fc888b69a47375ca0da11c0497828062e447e4": {"first found": 1736418121.437089}, "0xa86a569fa5ac96be89d2a7d11e1a449a8142441f": {"first found": 1736418121.437089}, "0x9c47b4d0bc2f7dbfa60de34c290f2e862a994c45": {"first found": 1736418121.437089}, "0x33072ea3e568e37fb9e736d9c684c580a3222cc7": {"first found": 1736418121.437089}, "0xd2c046fdb651f0a2b0246cf49a773c0fe18bd42c": {"first found": 1736418121.437089}, "0x44ec3cb9c38aea45ae100a2af26e9c5420776a59": {"first found": 1736418121.437089}, "0xcd1fda5b995e794dd98ecd9093386eb6be15b7af": {"first found": 1736418121.437089}, "0x24127e8217cf9385b5553abb25f251ce0bb7956a": {"first found": 1736418121.437089}, "0xf3cd11f2e6e82e0cc56ad09ac84b63fb371c8741": {"first found": 1736418121.437089}, "0x96db9d90359744f348de7b6bad44ae5d5e001120": {"first found": 1736418121.437089}, "0x55b32026a7e344c2d089dc98d4ea3ac96ce360b1": {"first found": 1736418121.437089}, "0x37853686d5407440e910f6da125d74e3e8a62e89": {"first found": 1736418121.437089}, "0xf6748f2d00c798593fe925ee5bf4d1a4da70d2ca": {"first found": 1736418121.437089}, "0xe3d4b8663c095a2c06019902c5727e7cab6d020b": {"first found": 1736418121.437089}, "0x683f7787293848593384ec3e68723210340d5e5f": {"first found": 1736433885.5829766}, "0x9c721acbf41e403d0198763057ad42a381226e9d": {"first found": 1736434609.152129}, "0x711d4a430250bc76d28c8317304cfbd0f9636c35": {"first found": 1736437406.458934}, "0x2484667bc91e13640bd560d961687d4a9461db75": {"first found": 1736441955.6378431}, "0xf6e7b17ea80e7c08cfe73f268bd169a1e034dfe4": {"first found": 1736489432.671754}, "0xe2ff32054f10f10dbb90e50480997f2a772d7336": {"first found": 1736494776.1791673}, "0xf59b26caf930006653c9bf1c1dd286c356ac619c": {"first found": 1736519549.7378254}, "0x2a73e5380cefaf60d473b176e314fde72d98fef2": {"first found": 1736523730.8569708}, "0x8dd083a4684576fb17aad569793059d3efbb03a9": {"first found": 1747290112.1304438}, "0xe6db900306d3177105e84f17bbda8bf8abc1d00a": {"first found": 1747290112.462815}, "0x2b3989bd9544e6221fe3696c4bd063bba2b50268": {"first found": 1747290112.796229}, "0xab25b77615e8ecec063333d9896095a9ae2ab07f": {"first found": 1747290113.1212335}, "0xcb33289e6fc28dbe78716fa44b85d4cf95af3574": {"first found": 1747290113.4433537}, "0xd3926aea6b28897571851f9407883969bec51158": {"first found": 1747290113.7819407}, "0xbc96c494d3dea436eb305cb9ef6c3b19637779c5": {"first found": 1747290114.1072884}, "0x6ba12f951ecd73712e6235e2b10e4f9cb9ab4464": {"first found": 1747290114.4329786}, "0x19c38d3341ce39bc51b7ce451ae896e6a8ffaacb": {"first found": 1747290114.7594976}, "0xc20fd82a30d1d72c9cdd1d57f703e8b522372901": {"first found": 1747290115.0821667}, "0x2b1b9e2e4f9e0a3256622eabce9d5ac32514a518": {"first found": 1747290115.407754}, "0x16ee78cbb0ed454b7cd7448a6eac8dec80b575e7": {"first found": 1747290115.7353816}, "0x816642ca829e835c5ce00f405e66f92960314b4e": {"first found": 1747290116.0590403}, "0x21a850b8365a85722b8532f52dced0ef88499ca8": {"first found": 1747290116.3851945}, "0x0a70c80ada7760eebda460f89b45f79c3d951eb8": {"first found": 1747290116.7088146}, "0xb4e0fbf9ad23a314448f2e6c9b92c38bcee48ffb": {"first found": 1747291445.192759}}